E, 1 - qF(E), E_0, E_B, E_D, E_B(Theory), Sites, Localized State, Extended State, Dark State
-2.5,0.3326819736199315,-2,-2.240391888454014,-1.682507065662363,1.807414472386075,0,0.09350528518271173,0.2919631983986179,0.4220612809463168
-2.49,0.3251063162353693,-1.682507065662,-1.836269287004433,-0.8308300260037733,1.152560905751462,1,0.1159831972682145,-0.3260311569921241,-0.3878683860591337
-2.48,0.3172962257567852,-0.830830026004,-1,0.2846296765465705,0.1166857973209085,2,0.166342529173958,-0.2539199928935341,0.3222527012755513
-2.470000000000001,0.3092390297827011,0.284629676547,0.1166857973209087,1.30972146789057,-1,3,0.2566892557980466,0.3556600138186256,-0.2305300191452319
-2.460000000000001,0.30092105846616,1.309721467891,1.152560905751463,1.918985947228995,-1.83626928700443,4,0.408741997369283,0.2124195206059425,0.1201311658785804
-2.450000000000001,0.2923275402302921,1.918985947229,1.807414472386076,nan,-2.240391888454015,5,0.659052999578588,-0.3804463549470549,3.191891195797325e-16
-2.440000000000001,0.2834424837789984,nan,nan,nan,nan,6,0.4087419973692839,0.2124195206059428,-0.1201311658785807
-2.430000000000001,0.27424854422054,nan,nan,nan,nan,7,0.2566892557980469,0.3556600138186254,0.2305300191452318
-2.420000000000002,0.2647268707115442,nan,nan,nan,nan,8,0.1663425291739586,-0.2539199928935346,-0.3222527012755508
-2.410000000000002,0.2548569325292951,nan,nan,nan,nan,9,0.1159831972682149,-0.3260311569921236,0.3878683860591334
-2.400000000000002,0.2446163198689042,nan,nan,nan,nan,10,0.09350528518271181,0.2919631983986187,-0.4220612809463167
-2.390000000000002,0.2339805149105465,nan,nan,nan,nan,nan,nan,nan,nan
-2.380000000000003,0.2229226277736793,nan,nan,nan,nan,nan,nan,nan,nan
-2.370000000000003,0.2114130908223629,nan,nan,nan,nan,nan,nan,nan,nan
-2.360000000000003,0.1994193033463425,nan,nan,nan,nan,nan,nan,nan,nan
-2.350000000000003,0.1869052168347177,nan,nan,nan,nan,nan,nan,nan,nan
-2.340000000000003,0.1738308487747857,nan,nan,nan,nan,nan,nan,nan,nan
-2.330000000000004,0.1601517100039491,nan,nan,nan,nan,nan,nan,nan,nan
-2.320000000000004,0.1458181269239658,nan,nan,nan,nan,nan,nan,nan,nan
-2.310000000000004,0.1307744350922018,nan,nan,nan,nan,nan,nan,nan,nan
-2.300000000000004,0.1149580144758811,nan,nan,nan,nan,nan,nan,nan,nan
-2.290000000000004,0.09829812849886732,nan,nan,nan,nan,nan,nan,nan,nan
-2.280000000000005,0.08071451823859377,nan,nan,nan,nan,nan,nan,nan,nan
-2.270000000000005,0.06211568877591445,nan,nan,nan,nan,nan,nan,nan,nan
-2.260000000000005,0.0423968053861038,nan,nan,nan,nan,nan,nan,nan,nan
-2.250000000000005,0.02143709100288071,nan,nan,nan,nan,nan,nan,nan,nan
-2.240000000000006,-0.0009034197011437151,nan,nan,nan,nan,nan,nan,nan,nan
-2.230000000000006,-0.02478796446694398,nan,nan,nan,nan,nan,nan,nan,nan
-2.220000000000006,-0.05040824138856181,nan,nan,nan,nan,nan,nan,nan,nan
-2.210000000000006,-0.077991067173663,nan,nan,nan,nan,nan,nan,nan,nan
-2.200000000000006,-0.1078070186467972,nan,nan,nan,nan,nan,nan,nan,nan
-2.190000000000007,-0.1401817861037948,nan,nan,nan,nan,nan,nan,nan,nan
-2.180000000000007,-0.1755112906025076,nan,nan,nan,nan,nan,nan,nan,nan
-2.170000000000007,-0.2142821119360061,nan,nan,nan,nan,nan,nan,nan,nan
-2.160000000000007,-0.2570995468543886,nan,nan,nan,nan,nan,nan,nan,nan
-2.150000000000007,-0.3047268534998346,nan,nan,nan,nan,nan,nan,nan,nan
-2.140000000000008,-0.3581412690974513,nan,nan,nan,nan,nan,nan,nan,nan
-2.130000000000008,-0.4186158249579044,nan,nan,nan,nan,nan,nan,nan,nan
-2.120000000000008,-0.4878419973614838,nan,nan,nan,nan,nan,nan,nan,nan
-2.110000000000008,-0.5681191680227342,nan,nan,nan,nan,nan,nan,nan,nan
-2.100000000000009,-0.6626576441038192,nan,nan,nan,nan,nan,nan,nan,nan
-2.090000000000009,-0.7760835396227326,nan,nan,nan,nan,nan,nan,nan,nan
-2.080000000000009,-0.9153221169137873,nan,nan,nan,nan,nan,nan,nan,nan
-2.070000000000009,-1.091238006744468,nan,nan,nan,nan,nan,nan,nan,nan
-2.060000000000009,-1.321915273587528,nan,nan,nan,nan,nan,nan,nan,nan
-2.05000000000001,-1.639873023642403,nan,nan,nan,nan,nan,nan,nan,nan
-2.04000000000001,-2.110103624444071,nan,nan,nan,nan,nan,nan,nan,nan
-2.03000000000001,-2.884186081606031,nan,nan,nan,nan,nan,nan,nan,nan
-2.02000000000001,-4.416737224064168,nan,nan,nan,nan,nan,nan,nan,nan
nan,nan,nan,nan,nan,nan,nan,nan,nan,nan
nan,nan,nan,nan,nan,nan,nan,nan,nan,nan
nan,nan,nan,nan,nan,nan,nan,nan,nan,nan
nan,nan,nan,nan,nan,nan,nan,nan,nan,nan
-1.970000000000011,3.055439270559491,nan,nan,nan,nan,nan,nan,nan,nan
-1.960000000000012,2.273009964862691,nan,nan,nan,nan,nan,nan,nan,nan
-1.950000000000012,1.791876799328602,nan,nan,nan,nan,nan,nan,nan,nan
-1.940000000000012,1.460325348838185,nan,nan,nan,nan,nan,nan,nan,nan
-1.930000000000012,1.213189162045793,nan,nan,nan,nan,nan,nan,nan,nan
-1.920000000000012,1.017730450747693,nan,nan,nan,nan,nan,nan,nan,nan
-1.910000000000013,0.8555940335736556,nan,nan,nan,nan,nan,nan,nan,nan
-1.900000000000013,0.7155814353094377,nan,nan,nan,nan,nan,nan,nan,nan
-1.890000000000013,0.5903572949775058,nan,nan,nan,nan,nan,nan,nan,nan
-1.880000000000013,0.474791282185721,nan,nan,nan,nan,nan,nan,nan,nan
-1.870000000000013,0.3650509736022843,nan,nan,nan,nan,nan,nan,nan,nan
-1.860000000000014,0.2580649695050878,nan,nan,nan,nan,nan,nan,nan,nan
-1.850000000000014,0.151176245131138,nan,nan,nan,nan,nan,nan,nan,nan
-1.840000000000014,0.04189229282827078,nan,nan,nan,nan,nan,nan,nan,nan
-1.830000000000014,-0.07232263065801048,nan,nan,nan,nan,nan,nan,nan,nan
-1.820000000000014,-0.1942516824413885,nan,nan,nan,nan,nan,nan,nan,nan
-1.810000000000015,-0.3271615156378695,nan,nan,nan,nan,nan,nan,nan,nan
-1.800000000000015,-0.4751136496092783,nan,nan,nan,nan,nan,nan,nan,nan
-1.790000000000015,-0.6434166503540113,nan,nan,nan,nan,nan,nan,nan,nan
-1.780000000000015,-0.8393317956003417,nan,nan,nan,nan,nan,nan,nan,nan
-1.770000000000016,-1.073243438787249,nan,nan,nan,nan,nan,nan,nan,nan
-1.760000000000016,-1.360720168386242,nan,nan,nan,nan,nan,nan,nan,nan
-1.750000000000016,-1.726395589248131,nan,nan,nan,nan,nan,nan,nan,nan
-1.740000000000016,-2.211888206820136,nan,nan,nan,nan,nan,nan,nan,nan
-1.730000000000016,-2.893717083423918,nan,nan,nan,nan,nan,nan,nan,nan
-1.720000000000017,-3.929878653057578,nan,nan,nan,nan,nan,nan,nan,nan
-1.710000000000017,-5.708062177355293,nan,nan,nan,nan,nan,nan,nan,nan
nan,nan,nan,nan,nan,nan,nan,nan,nan,nan
nan,nan,nan,nan,nan,nan,nan,nan,nan,nan
nan,nan,nan,nan,nan,nan,nan,nan,nan,nan
nan,nan,nan,nan,nan,nan,nan,nan,nan,nan
-1.660000000000018,8.920850447500897,nan,nan,nan,nan,nan,nan,nan,nan
-1.650000000000018,6.424620062713398,nan,nan,nan,nan,nan,nan,nan,nan
-1.640000000000018,5.097996505919415,nan,nan,nan,nan,nan,nan,nan,nan
-1.630000000000019,4.272886518716176,nan,nan,nan,nan,nan,nan,nan,nan
-1.620000000000019,3.708708015619973,nan,nan,nan,nan,nan,nan,nan,nan
-1.610000000000019,3.297585460712524,nan,nan,nan,nan,nan,nan,nan,nan
-1.600000000000019,2.983929971257388,nan,nan,nan,nan,nan,nan,nan,nan
-1.590000000000019,2.736179489509523,nan,nan,nan,nan,nan,nan,nan,nan
-1.58000000000002,2.535079997355452,nan,nan,nan,nan,nan,nan,nan,nan
-1.57000000000002,2.368216237300565,nan,nan,nan,nan,nan,nan,nan,nan
-1.56000000000002,2.227221015353237,nan,nan,nan,nan,nan,nan,nan,nan
-1.55000000000002,2.106248073458742,nan,nan,nan,nan,nan,nan,nan,nan
-1.54000000000002,2.001087870543674,nan,nan,nan,nan,nan,nan,nan,nan
-1.530000000000021,1.908631187164988,nan,nan,nan,nan,nan,nan,nan,nan
-1.520000000000021,1.826530733816731,nan,nan,nan,nan,nan,nan,nan,nan
-1.510000000000021,1.752980420840448,nan,nan,nan,nan,nan,nan,nan,nan
-1.500000000000021,1.686567164179239,nan,nan,nan,nan,nan,nan,nan,nan
-1.490000000000022,1.626168853460324,nan,nan,nan,nan,nan,nan,nan,nan
-1.480000000000022,1.570882527175002,nan,nan,nan,nan,nan,nan,nan,nan
-1.470000000000022,1.51997280576363,nan,nan,nan,nan,nan,nan,nan,nan
-1.460000000000022,1.472834210161337,nan,nan,nan,nan,nan,nan,nan,nan
-1.450000000000022,1.428963185630469,nan,nan,nan,nan,nan,nan,nan,nan
-1.440000000000023,1.387937029390849,nan,nan,nan,nan,nan,nan,nan,nan
-1.430000000000023,1.349397807853434,nan,nan,nan,nan,nan,nan,nan,nan
-1.420000000000023,1.313039932350894,nan,nan,nan,nan,nan,nan,nan,nan
-1.410000000000023,1.278600452765713,nan,nan,nan,nan,nan,nan,nan,nan
-1.400000000000023,1.245851394544495,nan,nan,nan,nan,nan,nan,nan,nan
-1.390000000000024,1.214593648784881,nan,nan,nan,nan,nan,nan,nan,nan
-1.380000000000024,1.184652054452507,nan,nan,nan,nan,nan,nan,nan,nan
-1.370000000000024,1.1558714038663,nan,nan,nan,nan,nan,nan,nan,nan
-1.360000000000024,1.128113168935473,nan,nan,nan,nan,nan,nan,nan,nan
-1.350000000000025,1.101252793971421,nan,nan,nan,nan,nan,nan,nan,nan
-1.340000000000025,1.075177436478428,nan,nan,nan,nan,nan,nan,nan,nan
-1.330000000000025,1.049784063755958,nan,nan,nan,nan,nan,nan,nan,nan
-1.320000000000025,1.024977832932132,nan,nan,nan,nan,nan,nan,nan,nan
-1.310000000000025,1.000670696958755,nan,nan,nan,nan,nan,nan,nan,nan
-1.300000000000026,0.9767801903869522,nan,nan,nan,nan,nan,nan,nan,nan
-1.290000000000026,0.9532283573072434,nan,nan,nan,nan,nan,nan,nan,nan
-1.280000000000026,0.9299407903253959,nan,nan,nan,nan,nan,nan,nan,nan
-1.270000000000026,0.9068457543227392,nan,nan,nan,nan,nan,nan,nan,nan
-1.260000000000026,0.883873372353231,nan,nan,nan,nan,nan,nan,nan,nan
-1.250000000000027,0.8609548535987921,nan,nan,nan,nan,nan,nan,nan,nan
-1.240000000000027,0.8380217450048575,nan,nan,nan,nan,nan,nan,nan,nan
-1.230000000000027,0.8150051891565745,nan,nan,nan,nan,nan,nan,nan,nan
-1.220000000000027,0.7918351711906494,nan,nan,nan,nan,nan,nan,nan,nan
-1.210000000000027,0.7684397370827027,nan,nan,nan,nan,nan,nan,nan,nan
-1.200000000000028,0.7447441644768017,nan,nan,nan,nan,nan,nan,nan,nan
-1.190000000000028,0.7206700652592685,nan,nan,nan,nan,nan,nan,nan,nan
-1.180000000000028,0.6961343961979107,nan,nan,nan,nan,nan,nan,nan,nan
-1.170000000000028,0.6710483499826192,nan,nan,nan,nan,nan,nan,nan,nan
-1.160000000000029,0.6453160936451963,nan,nan,nan,nan,nan,nan,nan,nan
-1.150000000000029,0.6188333142300326,nan,nan,nan,nan,nan,nan,nan,nan
-1.140000000000029,0.591485522212406,nan,nan,nan,nan,nan,nan,nan,nan
-1.130000000000029,0.563146050796838,nan,nan,nan,nan,nan,nan,nan,nan
-1.120000000000029,0.5336736728713104,nan,nan,nan,nan,nan,nan,nan,nan
-1.11000000000003,0.5029097356402095,nan,nan,nan,nan,nan,nan,nan,nan
-1.10000000000003,0.4706746838266964,nan,nan,nan,nan,nan,nan,nan,nan
-1.09000000000003,0.4367638029950804,nan,nan,nan,nan,nan,nan,nan,nan
-1.08000000000003,0.4009419609146648,nan,nan,nan,nan,nan,nan,nan,nan
-1.07000000000003,0.3629370510074869,nan,nan,nan,nan,nan,nan,nan,nan
-1.060000000000031,0.3224317389687762,nan,nan,nan,nan,nan,nan,nan,nan
-1.050000000000031,0.2790529683650373,nan,nan,nan,nan,nan,nan,nan,nan
-1.040000000000031,0.2323584731718407,nan,nan,nan,nan,nan,nan,nan,nan
-1.030000000000031,0.1818192434094659,nan,nan,nan,nan,nan,nan,nan,nan
-1.020000000000032,0.1267964446059334,nan,nan,nan,nan,nan,nan,nan,nan
-1.010000000000032,0.06651062260847196,nan,nan,nan,nan,nan,nan,nan,nan
-1.000000000000032,2.261524301161444e-13,nan,nan,nan,nan,nan,nan,nan,nan
-0.9900000000000322,-0.07393693463158568,nan,nan,nan,nan,nan,nan,nan,nan
-0.9800000000000324,-0.156821916730745,nan,nan,nan,nan,nan,nan,nan,nan
-0.9700000000000326,-0.2506120848851627,nan,nan,nan,nan,nan,nan,nan,nan
-0.9600000000000328,-0.3578686490235972,nan,nan,nan,nan,nan,nan,nan,nan
-0.950000000000033,-0.4820104681859396,nan,nan,nan,nan,nan,nan,nan,nan
-0.9400000000000333,-0.6277069832197748,nan,nan,nan,nan,nan,nan,nan,nan
-0.9300000000000335,-0.8015088704542241,nan,nan,nan,nan,nan,nan,nan,nan
-0.9200000000000337,-1.012903032646048,nan,nan,nan,nan,nan,nan,nan,nan
-0.9100000000000339,-1.276167116156335,nan,nan,nan,nan,nan,nan,nan,nan
-0.9000000000000341,-1.613832675922932,nan,nan,nan,nan,nan,nan,nan,nan
-0.8900000000000343,-2.063660072024049,nan,nan,nan,nan,nan,nan,nan,nan
-0.8800000000000345,-2.694124516315942,nan,nan,nan,nan,nan,nan,nan,nan
-0.8700000000000347,-3.643623403414574,nan,nan,nan,nan,nan,nan,nan,nan
-0.860000000000035,-5.240329555329255,nan,nan,nan,nan,nan,nan,nan,nan
nan,nan,nan,nan,nan,nan,nan,nan,nan,nan
nan,nan,nan,nan,nan,nan,nan,nan,nan,nan
nan,nan,nan,nan,nan,nan,nan,nan,nan,nan
nan,nan,nan,nan,nan,nan,nan,nan,nan,nan
-0.810000000000036,9.694938972338722,nan,nan,nan,nan,nan,nan,nan,nan
-0.8000000000000362,6.858538122250247,nan,nan,nan,nan,nan,nan,nan,nan
-0.7900000000000365,5.408998821028349,nan,nan,nan,nan,nan,nan,nan,nan
-0.7800000000000367,4.527806514329647,nan,nan,nan,nan,nan,nan,nan,nan
-0.7700000000000369,3.934675409683118,nan,nan,nan,nan,nan,nan,nan,nan
-0.7600000000000371,3.507604583297547,nan,nan,nan,nan,nan,nan,nan,nan
-0.7500000000000373,3.184965831436147,nan,nan,nan,nan,nan,nan,nan,nan
-0.7400000000000375,2.932269787814428,nan,nan,nan,nan,nan,nan,nan,nan
-0.7300000000000377,2.728708219899925,nan,nan,nan,nan,nan,nan,nan,nan
-0.7200000000000379,2.560981913202579,nan,nan,nan,nan,nan,nan,nan,nan
-0.7100000000000382,2.420193411586963,nan,nan,nan,nan,nan,nan,nan,nan
-0.7000000000000384,2.300164776605155,nan,nan,nan,nan,nan,nan,nan,nan
-0.6900000000000386,2.196472055754736,nan,nan,nan,nan,nan,nan,nan,nan
-0.6800000000000388,2.105863836075394,nan,nan,nan,nan,nan,nan,nan,nan
-0.670000000000039,2.025896712963443,nan,nan,nan,nan,nan,nan,nan,nan
-0.6600000000000392,1.954698790133416,nan,nan,nan,nan,nan,nan,nan,nan
-0.6500000000000394,1.890811649350694,nan,nan,nan,nan,nan,nan,nan,nan
-0.6400000000000396,1.833082005731264,nan,nan,nan,nan,nan,nan,nan,nan
-0.6300000000000399,1.780585730491277,nan,nan,nan,nan,nan,nan,nan,nan
-0.6200000000000401,1.732573494424547,nan,nan,nan,nan,nan,nan,nan,nan
-0.6100000000000403,1.688431178587356,nan,nan,nan,nan,nan,nan,nan,nan
-0.6000000000000405,1.647650573922176,nan,nan,nan,nan,nan,nan,nan,nan
-0.5900000000000407,1.60980737915383,nan,nan,nan,nan,nan,nan,nan,nan
-0.5800000000000409,1.574544460128417,nan,nan,nan,nan,nan,nan,nan,nan
-0.5700000000000411,1.541558958477808,nan,nan,nan,nan,nan,nan,nan,nan
-0.5600000000000414,1.51059225460495,nan,nan,nan,nan,nan,nan,nan,nan
-0.5500000000000416,1.481422073421206,nan,nan,nan,nan,nan,nan,nan,nan
-0.5400000000000418,1.453856216990115,nan,nan,nan,nan,nan,nan,nan,nan
-0.530000000000042,1.427727545399168,nan,nan,nan,nan,nan,nan,nan,nan
-0.5200000000000422,1.402889924630833,nan,nan,nan,nan,nan,nan,nan,nan
-0.5100000000000424,1.379214930315638,nan,nan,nan,nan,nan,nan,nan,nan
-0.5000000000000426,1.356589147286917,nan,nan,nan,nan,nan,nan,nan,nan
-0.4900000000000428,1.334911942415244,nan,nan,nan,nan,nan,nan,nan,nan
-0.4800000000000431,1.314093616122287,nan,nan,nan,nan,nan,nan,nan,nan
-0.4700000000000433,1.2940538589292,nan,nan,nan,nan,nan,nan,nan,nan
-0.4600000000000435,1.274720455262221,nan,nan,nan,nan,nan,nan,nan,nan
-0.4500000000000437,1.256028188853341,nan,nan,nan,nan,nan,nan,nan,nan
-0.4400000000000439,1.237917913396778,nan,nan,nan,nan,nan,nan,nan,nan
-0.4300000000000441,1.220335759348577,nan,nan,nan,nan,nan,nan,nan,nan
-0.4200000000000443,1.20323245339701,nan,nan,nan,nan,nan,nan,nan,nan
-0.4100000000000446,1.186562731561905,nan,nan,nan,nan,nan,nan,nan,nan
-0.4000000000000448,1.17028483038198,nan,nan,nan,nan,nan,nan,nan,nan
-0.390000000000045,1.154360043430954,nan,nan,nan,nan,nan,nan,nan,nan
-0.3800000000000452,1.138752332624498,nan,nan,nan,nan,nan,nan,nan,nan
-0.3700000000000454,1.123427985561865,nan,nan,nan,nan,nan,nan,nan,nan
-0.3600000000000456,1.108355311580713,nan,nan,nan,nan,nan,nan,nan,nan
-0.3500000000000458,1.093504370362504,nan,nan,nan,nan,nan,nan,nan,nan
-0.340000000000046,1.078846727863819,nan,nan,nan,nan,nan,nan,nan,nan
-0.3300000000000463,1.06435523510888,nan,nan,nan,nan,nan,nan,nan,nan
-0.3200000000000465,1.050003825993765,nan,nan,nan,nan,nan,nan,nan,nan
-0.3100000000000467,1.035767330749201,nan,nan,nan,nan,nan,nan,nan,nan
-0.3000000000000469,1.021621302106809,nan,nan,nan,nan,nan,nan,nan,nan
-0.2900000000000471,1.007541851528916,nan,nan,nan,nan,nan,nan,nan,nan
-0.2800000000000473,0.9935054931067282,nan,nan,nan,nan,nan,nan,nan,nan
-0.2700000000000475,0.979488992915031,nan,nan,nan,nan,nan,nan,nan,nan
-0.2600000000000477,0.9654692217402728,nan,nan,nan,nan,nan,nan,nan,nan
-0.250000000000048,0.9514230091777816,nan,nan,nan,nan,nan,nan,nan,nan
-0.2400000000000482,0.9373269971255663,nan,nan,nan,nan,nan,nan,nan,nan
-0.2300000000000484,0.9231574906879838,nan,nan,nan,nan,nan,nan,nan,nan
-0.2200000000000486,0.9088903044418806,nan,nan,nan,nan,nan,nan,nan,nan
-0.2100000000000488,0.8945006019085432,nan,nan,nan,nan,nan,nan,nan,nan
-0.200000000000049,0.879962725912919,nan,nan,nan,nan,nan,nan,nan,nan
-0.1900000000000492,0.8652500172911809,nan,nan,nan,nan,nan,nan,nan,nan
-0.1800000000000495,0.8503346191205807,nan,nan,nan,nan,nan,nan,nan,nan
-0.1700000000000497,0.8351872632806999,nan,nan,nan,nan,nan,nan,nan,nan
-0.1600000000000499,0.8197770356983618,nan,nan,nan,nan,nan,nan,nan,nan
-0.1500000000000501,0.804071116061189,nan,nan,nan,nan,nan,nan,nan,nan
-0.1400000000000503,0.788034487083406,nan,nan,nan,nan,nan,nan,nan,nan
-0.1300000000000505,0.7716296075416715,nan,nan,nan,nan,nan,nan,nan,nan
-0.1200000000000507,0.7548160422296226,nan,nan,nan,nan,nan,nan,nan,nan
-0.1100000000000509,0.7375500406574104,nan,nan,nan,nan,nan,nan,nan,nan
-0.1000000000000512,0.7197840546822953,nan,nan,nan,nan,nan,nan,nan,nan
-0.09000000000005137,0.7014661832146669,nan,nan,nan,nan,nan,nan,nan,nan
-0.08000000000005159,0.6825395295915755,nan,nan,nan,nan,nan,nan,nan,nan
-0.0700000000000518,0.6629414540039416,nan,nan,nan,nan,nan,nan,nan,nan
-0.06000000000005201,0.642602699315143,nan,nan,nan,nan,nan,nan,nan,nan
-0.05000000000005222,0.6214463634666211,nan,nan,nan,nan,nan,nan,nan,nan
-0.04000000000005244,0.599386685094206,nan,nan,nan,nan,nan,nan,nan,nan
-0.03000000000005265,0.5763276005231712,nan,nan,nan,nan,nan,nan,nan,nan
-0.02000000000005286,0.5521610193526488,nan,nan,nan,nan,nan,nan,nan,nan
-0.01000000000005308,0.526764751532383,nan,nan,nan,nan,nan,nan,nan,nan
-5.329070518200751e-14,0.5000000000001464,nan,nan,nan,nan,nan,nan,nan,nan
0.009999999999946496,0.4717083079384885,nan,nan,nan,nan,nan,nan,nan,nan
0.01999999999994628,0.441707816191678,nan,nan,nan,nan,nan,nan,nan,nan
0.02999999999994607,0.4097886410166646,nan,nan,nan,nan,nan,nan,nan,nan
0.03999999999994586,0.3757071202821396,nan,nan,nan,nan,nan,nan,nan,nan
0.04999999999994564,0.3391785903630767,nan,nan,nan,nan,nan,nan,nan,nan
0.05999999999994543,0.2998682357064002,nan,nan,nan,nan,nan,nan,nan,nan
0.06999999999994522,0.2573793823368934,nan,nan,nan,nan,nan,nan,nan,nan
0.079999999999945,0.211238360784481,nan,nan,nan,nan,nan,nan,nan,nan
0.08999999999994479,0.1608747044681736,nan,nan,nan,nan,nan,nan,nan,nan
0.09999999999994458,0.1055949149085328,nan,nan,nan,nan,nan,nan,nan,nan
0.1099999999999444,0.04454721492297964,nan,nan,nan,nan,nan,nan,nan,nan
0.1199999999999442,-0.02332654219137087,nan,nan,nan,nan,nan,nan,nan,nan
0.1299999999999439,-0.09935762201130505,nan,nan,nan,nan,nan,nan,nan,nan
0.1399999999999437,-0.1852448476169346,nan,nan,nan,nan,nan,nan,nan,nan
0.1499999999999435,-0.2831911244943142,nan,nan,nan,nan,nan,nan,nan,nan
0.1599999999999433,-0.3961056901537838,nan,nan,nan,nan,nan,nan,nan,nan
0.1699999999999431,-0.5279122241532093,nan,nan,nan,nan,nan,nan,nan,nan
0.1799999999999429,-0.6840336420083482,nan,nan,nan,nan,nan,nan,nan,nan
0.1899999999999427,-0.8721842706854053,nan,nan,nan,nan,nan,nan,nan,nan
0.1999999999999424,-1.103723651219612,nan,nan,nan,nan,nan,nan,nan,nan
0.2099999999999422,-1.396098754947063,nan,nan,nan,nan,nan,nan,nan,nan
0.219999999999942,-1.777553467435353,nan,nan,nan,nan,nan,nan,nan,nan
0.2299999999999418,-2.297010514613352,nan,nan,nan,nan,nan,nan,nan,nan
0.2399999999999416,-3.047238615806916,nan,nan,nan,nan,nan,nan,nan,nan
0.2499999999999414,-4.228159457158184,nan,nan,nan,nan,nan,nan,nan,nan
0.2599999999999412,-6.364375862954992,nan,nan,nan,nan,nan,nan,nan,nan
nan,nan,nan,nan,nan,nan,nan,nan,nan,nan
nan,nan,nan,nan,nan,nan,nan,nan,nan,nan
nan,nan,nan,nan,nan,nan,nan,nan,nan,nan
nan,nan,nan,nan,nan,nan,nan,nan,nan,nan
0.3099999999999401,8.161677903927728,nan,nan,nan,nan,nan,nan,nan,nan
0.3199999999999399,6.130970268794012,nan,nan,nan,nan,nan,nan,nan,nan
0.3299999999999397,4.993408394938823,nan,nan,nan,nan,nan,nan,nan,nan
0.3399999999999395,4.265069121464459,nan,nan,nan,nan,nan,nan,nan,nan
0.3499999999999392,3.758139852064122,nan,nan,nan,nan,nan,nan,nan,nan
0.359999999999939,3.384481425149082,nan,nan,nan,nan,nan,nan,nan,nan
0.3699999999999388,3.097250992295706,nan,nan,nan,nan,nan,nan,nan,nan
0.3799999999999386,2.869251489726347,nan,nan,nan,nan,nan,nan,nan,nan
0.3899999999999384,2.683609357640332,nan,nan,nan,nan,nan,nan,nan,nan
0.3999999999999382,2.529300443749242,nan,nan,nan,nan,nan,nan,nan,nan
0.409999999999938,2.398817127364954,nan,nan,nan,nan,nan,nan,nan,nan
0.4199999999999378,2.286869438684388,nan,nan,nan,nan,nan,nan,nan,nan
0.4299999999999375,2.189622274664753,nan,nan,nan,nan,nan,nan,nan,nan
0.4399999999999373,2.104227180287709,nan,nan,nan,nan,nan,nan,nan,nan
0.4499999999999371,2.028524007792813,nan,nan,nan,nan,nan,nan,nan,nan
0.4599999999999369,1.960844646045969,nan,nan,nan,nan,nan,nan,nan,nan
0.4699999999999367,1.899880275922988,nan,nan,nan,nan,nan,nan,nan,nan
0.4799999999999365,1.844589390573056,nan,nan,nan,nan,nan,nan,nan,nan
0.4899999999999363,1.794132685789402,nan,nan,nan,nan,nan,nan,nan,nan
0.4999999999999361,1.747826086956806,nan,nan,nan,nan,nan,nan,nan,nan
0.5099999999999358,1.705106279181672,nan,nan,nan,nan,nan,nan,nan,nan
0.5199999999999356,1.665505021926568,nan,nan,nan,nan,nan,nan,nan,nan
0.5299999999999354,1.628629741881911,nan,nan,nan,nan,nan,nan,nan,nan
0.5399999999999352,1.594148682926956,nan,nan,nan,nan,nan,nan,nan,nan
0.549999999999935,1.561779410877288,nan,nan,nan,nan,nan,nan,nan,nan
0.5599999999999348,1.531279819983087,nan,nan,nan,nan,nan,nan,nan,nan
0.5699999999999346,1.502441027255079,nan,nan,nan,nan,nan,nan,nan,nan
0.5799999999999343,1.475081706946629,nan,nan,nan,nan,nan,nan,nan,nan
0.5899999999999341,1.449043534770341,nan,nan,nan,nan,nan,nan,nan,nan
0.5999999999999339,1.424187495213212,nan,nan,nan,nan,nan,nan,nan,nan
0.6099999999999337,1.400390865920288,nan,nan,nan,nan,nan,nan,nan,nan
0.6199999999999335,1.377544737454005,nan,nan,nan,nan,nan,nan,nan,nan
0.6299999999999333,1.355551959514888,nan,nan,nan,nan,nan,nan,nan,nan
0.6399999999999331,1.334325429180821,nan,nan,nan,nan,nan,nan,nan,nan
0.6499999999999329,1.313786655159522,nan,nan,nan,nan,nan,nan,nan,nan
0.6599999999999326,1.293864546058677,nan,nan,nan,nan,nan,nan,nan,nan
0.6699999999999324,1.274494381408333,nan,nan,nan,nan,nan,nan,nan,nan
0.6799999999999322,1.255616932448856,nan,nan,nan,nan,nan,nan,nan,nan
0.689999999999932,1.237177706128454,nan,nan,nan,nan,nan,nan,nan,nan
0.6999999999999318,1.219126290780187,nan,nan,nan,nan,nan,nan,nan,nan
0.7099999999999316,1.201415785897964,nan,nan,nan,nan,nan,nan,nan,nan
0.7199999999999314,1.184002301549345,nan,nan,nan,nan,nan,nan,nan,nan
0.7299999999999311,1.166844515434129,nan,nan,nan,nan,nan,nan,nan,nan
0.7399999999999309,1.149903277560989,nan,nan,nan,nan,nan,nan,nan,nan
0.7499999999999307,1.133141254075481,nan,nan,nan,nan,nan,nan,nan,nan
0.7599999999999305,1.116522603012212,nan,nan,nan,nan,nan,nan,nan,nan
0.7699999999999303,1.1000126757234,nan,nan,nan,nan,nan,nan,nan,nan
0.7799999999999301,1.083577738502332,nan,nan,nan,nan,nan,nan,nan,nan
0.7899999999999299,1.067184709508869,nan,nan,nan,nan,nan,nan,nan,nan
0.7999999999999297,1.050800906541812,nan,nan,nan,nan,nan,nan,nan,nan
0.8099999999999294,1.03439380150874,nan,nan,nan,nan,nan,nan,nan,nan
0.8199999999999292,1.01793077763128,nan,nan,nan,nan,nan,nan,nan,nan
0.829999999999929,1.001378885500537,nan,nan,nan,nan,nan,nan,nan,nan
0.8399999999999288,0.9847045940669226,nan,nan,nan,nan,nan,nan,nan,nan
0.8499999999999286,0.9678735325096166,nan,nan,nan,nan,nan,nan,nan,nan
0.8599999999999284,0.9508502186773851,nan,nan,nan,nan,nan,nan,nan,nan
0.8699999999999282,0.9335977694136895,nan,nan,nan,nan,nan,nan,nan,nan
0.879999999999928,0.9160775875583306,nan,nan,nan,nan,nan,nan,nan,nan
0.8899999999999277,0.8982490197321039,nan,nan,nan,nan,nan,nan,nan,nan
0.8999999999999275,0.8800689781287336,nan,nan,nan,nan,nan,nan,nan,nan
0.9099999999999273,0.8614915184180199,nan,nan,nan,nan,nan,nan,nan,nan
0.9199999999999271,0.8424673644510344,nan,nan,nan,nan,nan,nan,nan,nan
0.9299999999999269,0.8229433686806122,nan,nan,nan,nan,nan,nan,nan,nan
0.9399999999999267,0.8028618949744093,nan,nan,nan,nan,nan,nan,nan,nan
0.9499999999999265,0.7821601076799745,nan,nan,nan,nan,nan,nan,nan,nan
0.9599999999999262,0.7607691472386884,nan,nan,nan,nan,nan,nan,nan,nan
0.969999999999926,0.738613168121794,nan,nan,nan,nan,nan,nan,nan,nan
0.9799999999999258,0.715608209088209,nan,nan,nan,nan,nan,nan,nan,nan
0.9899999999999256,0.6916608583516597,nan,nan,nan,nan,nan,nan,nan,nan
0.9999999999999254,0.6666666666668575,nan,nan,nan,nan,nan,nan,nan,nan
1.009999999999925,0.6405082488800974,nan,nan,nan,nan,nan,nan,nan,nan
1.019999999999925,0.6130529981440234,nan,nan,nan,nan,nan,nan,nan,nan
1.029999999999925,0.5841503153831895,nan,nan,nan,nan,nan,nan,nan,nan
1.039999999999925,0.5536282277647224,nan,nan,nan,nan,nan,nan,nan,nan
1.049999999999924,0.5212892310983333,nan,nan,nan,nan,nan,nan,nan,nan
1.059999999999924,0.486905138259613,nan,nan,nan,nan,nan,nan,nan,nan
1.069999999999924,0.4502106430605788,nan,nan,nan,nan,nan,nan,nan,nan
1.079999999999924,0.4108952078463142,nan,nan,nan,nan,nan,nan,nan,nan
1.089999999999923,0.3685927405173036,nan,nan,nan,nan,nan,nan,nan,nan
1.099999999999923,0.322868322907703,nan,nan,nan,nan,nan,nan,nan,nan
1.109999999999923,0.2732009568532521,nan,nan,nan,nan,nan,nan,nan,nan
1.119999999999923,0.218960858458398,nan,nan,nan,nan,nan,nan,nan,nan
1.129999999999923,0.1593791769961578,nan,nan,nan,nan,nan,nan,nan,nan
1.139999999999922,0.09350701395273475,nan,nan,nan,nan,nan,nan,nan,nan
1.149999999999922,0.02015905280612174,nan,nan,nan,nan,nan,nan,nan,nan
1.159999999999922,-0.06216539549583722,nan,nan,nan,nan,nan,nan,nan,nan
1.169999999999922,-0.1553952459852062,nan,nan,nan,nan,nan,nan,nan,nan
1.179999999999922,-0.2620526844201749,nan,nan,nan,nan,nan,nan,nan,nan
1.189999999999921,-0.3855009189172074,nan,nan,nan,nan,nan,nan,nan,nan
1.199999999999921,-0.5303274034809677,nan,nan,nan,nan,nan,nan,nan,nan
1.209999999999921,-0.7029576282723757,nan,nan,nan,nan,nan,nan,nan,nan
1.219999999999921,-0.9126793625149838,nan,nan,nan,nan,nan,nan,nan,nan
1.22999999999992,-1.173437750208115,nan,nan,nan,nan,nan,nan,nan,nan
1.23999999999992,-1.507175190026243,nan,nan,nan,nan,nan,nan,nan,nan
1.24999999999992,-1.950526651767333,nan,nan,nan,nan,nan,nan,nan,nan
1.25999999999992,-2.569594354037711,nan,nan,nan,nan,nan,nan,nan,nan
1.26999999999992,-3.497039826432246,nan,nan,nan,nan,nan,nan,nan,nan
1.279999999999919,-5.044055255297935,nan,nan,nan,nan,nan,nan,nan,nan
nan,nan,nan,nan,nan,nan,nan,nan,nan,nan
nan,nan,nan,nan,nan,nan,nan,nan,nan,nan
nan,nan,nan,nan,nan,nan,nan,nan,nan,nan
nan,nan,nan,nan,nan,nan,nan,nan,nan,nan
1.329999999999918,10.00306985048029,nan,nan,nan,nan,nan,nan,nan,nan
1.339999999999918,7.034233134843011,nan,nan,nan,nan,nan,nan,nan,nan
1.349999999999918,5.535600769869937,nan,nan,nan,nan,nan,nan,nan,nan
1.359999999999918,4.629835759819445,nan,nan,nan,nan,nan,nan,nan,nan
1.369999999999918,4.021781811187113,nan,nan,nan,nan,nan,nan,nan,nan
1.379999999999917,3.584267501970974,nan,nan,nan,nan,nan,nan,nan,nan
1.389999999999917,3.253479452896502,nan,nan,nan,nan,nan,nan,nan,nan
1.399999999999917,2.993871457756892,nan,nan,nan,nan,nan,nan,nan,nan
1.409999999999917,2.78406959363088,nan,nan,nan,nan,nan,nan,nan,nan
1.419999999999916,2.610445971470343,nan,nan,nan,nan,nan,nan,nan,nan
1.429999999999916,2.46389810441868,nan,nan,nan,nan,nan,nan,nan,nan
1.439999999999916,2.33811147352661,nan,nan,nan,nan,nan,nan,nan,nan
1.449999999999916,2.228565155043111,nan,nan,nan,nan,nan,nan,nan,nan
1.459999999999916,2.13193437936932,nan,nan,nan,nan,nan,nan,nan,nan
1.469999999999915,2.045716654199953,nan,nan,nan,nan,nan,nan,nan,nan
1.479999999999915,1.967989533615681,nan,nan,nan,nan,nan,nan,nan,nan
1.489999999999915,1.89724890203245,nan,nan,nan,nan,nan,nan,nan,nan
1.499999999999915,1.832298136646495,nan,nan,nan,nan,nan,nan,nan,nan
1.509999999999915,1.77217034701811,nan,nan,nan,nan,nan,nan,nan,nan
1.519999999999914,1.716072659359568,nan,nan,nan,nan,nan,nan,nan,nan
1.529999999999914,1.663345515624635,nan,nan,nan,nan,nan,nan,nan,nan
1.539999999999914,1.613432394763863,nan,nan,nan,nan,nan,nan,nan,nan
1.549999999999914,1.565856886701952,nan,nan,nan,nan,nan,nan,nan,nan
1.559999999999913,1.520205023623881,nan,nan,nan,nan,nan,nan,nan,nan
1.569999999999913,1.476111408623232,nan,nan,nan,nan,nan,nan,nan,nan
1.579999999999913,1.433248103433826,nan,nan,nan,nan,nan,nan,nan,nan
1.589999999999913,1.391315520471942,nan,nan,nan,nan,nan,nan,nan,nan
1.599999999999913,1.35003475652178,nan,nan,nan,nan,nan,nan,nan,nan
1.609999999999912,1.309140935444781,nan,nan,nan,nan,nan,nan,nan,nan
1.619999999999912,1.268377213834763,nan,nan,nan,nan,nan,nan,nan,nan
1.629999999999912,1.227489158220241,nan,nan,nan,nan,nan,nan,nan,nan
1.639999999999912,1.186219232257837,nan,nan,nan,nan,nan,nan,nan,nan
1.649999999999912,1.144301141079654,nan,nan,nan,nan,nan,nan,nan,nan
1.659999999999911,1.101453768620675,nan,nan,nan,nan,nan,nan,nan,nan
1.669999999999911,1.057374410969702,nan,nan,nan,nan,nan,nan,nan,nan
1.679999999999911,1.01173095046663,nan,nan,nan,nan,nan,nan,nan,nan
1.689999999999911,0.9641525238778047,nan,nan,nan,nan,nan,nan,nan,nan
1.69999999999991,0.9142181011373364,nan,nan,nan,nan,nan,nan,nan,nan
1.70999999999991,0.8614421891623278,nan,nan,nan,nan,nan,nan,nan,nan
1.71999999999991,0.8052565769881642,nan,nan,nan,nan,nan,nan,nan,nan
1.72999999999991,0.744986594214347,nan,nan,nan,nan,nan,nan,nan,nan
1.73999999999991,0.6798196839047452,nan,nan,nan,nan,nan,nan,nan,nan
1.749999999999909,0.6087630603309744,nan,nan,nan,nan,nan,nan,nan,nan
1.759999999999909,0.5305856055254889,nan,nan,nan,nan,nan,nan,nan,nan
1.769999999999909,0.4437365639226312,nan,nan,nan,nan,nan,nan,nan,nan
1.779999999999909,0.346229317964482,nan,nan,nan,nan,nan,nan,nan,nan
1.789999999999909,0.2354712659814145,nan,nan,nan,nan,nan,nan,nan,nan
1.799999999999908,0.1080080683744835,nan,nan,nan,nan,nan,nan,nan,nan
1.809999999999908,-0.04087276138228546,nan,nan,nan,nan,nan,nan,nan,nan
1.819999999999908,-0.2177784100680298,nan,nan,nan,nan,nan,nan,nan,nan
1.829999999999908,-0.4322763903482139,nan,nan,nan,nan,nan,nan,nan,nan
1.839999999999907,-0.698769516705307,nan,nan,nan,nan,nan,nan,nan,nan
1.849999999999907,-1.040001498150676,nan,nan,nan,nan,nan,nan,nan,nan
1.859999999999907,-1.494128257907074,nan,nan,nan,nan,nan,nan,nan,nan
1.869999999999907,-2.130450356862268,nan,nan,nan,nan,nan,nan,nan,nan
1.879999999999907,-3.089357716596446,nan,nan,nan,nan,nan,nan,nan,nan
1.889999999999906,-4.704958482721718,nan,nan,nan,nan,nan,nan,nan,nan
nan,nan,nan,nan,nan,nan,nan,nan,nan,nan
nan,nan,nan,nan,nan,nan,nan,nan,nan,nan
nan,nan,nan,nan,nan,nan,nan,nan,nan,nan
nan,nan,nan,nan,nan,nan,nan,nan,nan,nan
1.939999999999905,10.18941017263958,nan,nan,nan,nan,nan,nan,nan,nan
1.949999999999905,7.394039001459108,nan,nan,nan,nan,nan,nan,nan,nan
1.959999999999905,5.959215942845196,nan,nan,nan,nan,nan,nan,nan,nan
1.969999999999905,5.084920311587631,nan,nan,nan,nan,nan,nan,nan,nan
1.979999999999905,4.49561046617316,nan,nan,nan,nan,nan,nan,nan,nan
1.989999999999904,4.07094569887346,nan,nan,nan,nan,nan,nan,nan,nan
1.999999999999904,3.750000000002706,nan,nan,nan,nan,nan,nan,nan,nan
2.009999999999904,3.498621816092173,nan,nan,nan,nan,nan,nan,nan,nan
2.019999999999904,3.296181341421198,nan,nan,nan,nan,nan,nan,nan,nan
2.029999999999903,3.129480519239887,nan,nan,nan,nan,nan,nan,nan,nan
2.039999999999903,2.989682518372693,nan,nan,nan,nan,nan,nan,nan,nan
2.049999999999903,2.870647398838435,nan,nan,nan,nan,nan,nan,nan,nan
2.059999999999903,2.767975928615999,nan,nan,nan,nan,nan,nan,nan,nan
2.069999999999903,2.678433300602214,nan,nan,nan,nan,nan,nan,nan,nan
2.079999999999902,2.599587590589676,nan,nan,nan,nan,nan,nan,nan,nan
2.089999999999902,2.529575058152552,nan,nan,nan,nan,nan,nan,nan,nan
2.099999999999902,2.466943239273644,nan,nan,nan,nan,nan,nan,nan,nan
2.109999999999902,2.41054332299805,nan,nan,nan,nan,nan,nan,nan,nan
2.119999999999902,2.359454649936232,nan,nan,nan,nan,nan,nan,nan,nan
2.129999999999901,2.312930676972686,nan,nan,nan,nan,nan,nan,nan,nan
2.139999999999901,2.270359609520877,nan,nan,nan,nan,nan,nan,nan,nan
2.149999999999901,2.231235257021472,nan,nan,nan,nan,nan,nan,nan,nan
2.159999999999901,2.195135142569792,nan,nan,nan,nan,nan,nan,nan,nan
2.1699999999999,2.161703843825966,nan,nan,nan,nan,nan,nan,nan,nan
2.1799999999999,2.13064016234825,nan,nan,nan,nan,nan,nan,nan,nan
2.1899999999999,2.101687132588905,nan,nan,nan,nan,nan,nan,nan,nan
2.1999999999999,2.074624163268657,nan,nan,nan,nan,nan,nan,nan,nan
2.2099999999999,2.049260798272802,nan,nan,nan,nan,nan,nan,nan,nan
2.219999999999899,2.025431720507878,nan,nan,nan,nan,nan,nan,nan,nan
2.229999999999899,2.002992719013496,nan,nan,nan,nan,nan,nan,nan,nan
2.239999999999899,1.981817409325409,nan,nan,nan,nan,nan,nan,nan,nan
2.249999999999899,1.961794547836462,nan,nan,nan,nan,nan,nan,nan,nan
2.259999999999899,1.942825818258961,nan,nan,nan,nan,nan,nan,nan,nan
2.269999999999898,1.924823996070837,nan,nan,nan,nan,nan,nan,nan,nan
2.279999999999898,1.907711417681885,nan,nan,nan,nan,nan,nan,nan,nan
2.289999999999898,1.891418696851749,nan,nan,nan,nan,nan,nan,nan,nan
2.299999999999898,1.87588364295585,nan,nan,nan,nan,nan,nan,nan,nan
2.309999999999897,1.86105034498325,nan,nan,nan,nan,nan,nan,nan,nan
2.319999999999897,1.846868392353903,nan,nan,nan,nan,nan,nan,nan,nan
2.329999999999897,1.833292209268994,nan,nan,nan,nan,nan,nan,nan,nan
2.339999999999897,1.820280483731691,nan,nan,nan,nan,nan,nan,nan,nan
2.349999999999897,1.807795675875691,nan,nan,nan,nan,nan,nan,nan,nan
2.359999999999896,1.795803593024771,nan,nan,nan,nan,nan,nan,nan,nan
2.369999999999896,1.78427302113657,nan,nan,nan,nan,nan,nan,nan,nan
2.379999999999896,1.773175404078591,nan,nan,nan,nan,nan,nan,nan,nan
2.389999999999896,1.762484563636212,nan,nan,nan,nan,nan,nan,nan,nan
2.399999999999896,1.752176454332836,nan,nan,nan,nan,nan,nan,nan,nan
2.409999999999895,1.742228948106218,nan,nan,nan,nan,nan,nan,nan,nan
2.419999999999895,1.732621644675917,nan,nan,nan,nan,nan,nan,nan,nan
2.429999999999895,1.723335704088377,nan,nan,nan,nan,nan,nan,nan,nan
2.439999999999895,1.714353698465295,nan,nan,nan,nan,nan,nan,nan,nan
2.449999999999894,1.705659480428598,nan,nan,nan,nan,nan,nan,nan,nan
2.459999999999894,1.697238066048709,nan,nan,nan,nan,nan,nan,nan,nan
2.469999999999894,1.689075530475086,nan,nan,nan,nan,nan,nan,nan,nan
2.479999999999894,1.681158914670289,nan,nan,nan,nan,nan,nan,nan,nan
2.489999999999894,1.67347614188978,nan,nan,nan,nan,nan,nan,nan,nan
